WP_No,Date_Time,y_Proj,x_Proj,Elevation,Name,BH_Type,Atm Pressure_mmHg,SPC_MScm,Cond_MScm,pH,Temp_0C,Li_ppb,Be_ppb,B_ppb,Na_ppb,Mg_ppb,Al_ppb,P_ppb,K_ppb,Ca_ppb,Sc_ppb,V_ppb,Cr_ppb,Mn_ppb,Fe_ppb,Co_ppb,Ni_ppb,Cu_ppb,Zn_ppb,As_ppb,Se_ppb,Rb_ppb,Sr_ppb,Y_ppb,Mo_ppb,Cd_ppb,Cs_ppb,Ba_ppb,Re_ppb,Tl_ppb,Pb_ppb,Bi_ppb,Th_ppb,U_ppb,Si_ppm,SiO2_ppm,NH4_ppm,NO3N_ppm,Cl_ppm,HCO3_ppm,F_ppm,NO3_ppm,SO4_ppm,PO4_ppm,S_ppm,CaCO3_ppm,NO2_ppm,TDS_ppm
91,2/8/24 15:14,2.30163,35.45461,704.95,Ikoree BH 1,SBH pump,677.7,2229,2504,7.2,32.8,7.01,0.12,65.56,99658.62,9934.24,6.74,158.61,4292.04,17309.52,3.28,14.74,4.35,5.87,115.45,0.11,1.26,4.6,183.93,0.4,1.94,2.39,329.69,0.06,4.85,0.03,1.35,114.59,0.04,0.09,0.44,0.41,0.02,10.55,0,0,0.33,0,102,0,3.04,36.4,123,0.15,0,269,0.08,1377.2
92,2/8/24 16:22,2.29528,35.48987,737.74,Ikoree BH 2,DBH solar,674.6,1318,1409,7,29.5,18,0.32,118.53,83738.6,24748.73,15.13,213.32,7613.61,46997.17,6.33,55.73,4.82,33.34,215.9,0.3,0.42,3.41,543.35,0.66,3.31,5.93,1038.07,0.05,6.62,0.04,4.06,343.89,0.02,0.11,0.65,0.68,0.04,14.72,,,,,,,,,,,,,,774.95
94,2/8/24 17:10,2.32286,35.46822,706.23,Ekiriem Well,OHD well,676.1,335.9,385.9,7.6,27.6,13.2,1.06,87.72,7236.58,7119.15,2321.61,696.19,10629.22,76192.25,3.86,27.79,7.23,324.88,970.01,4.44,5.4,10.47,14.42,0.85,3.15,7.87,536.79,7.27,0.95,0.12,3.81,336.42,0.03,0.13,1.23,1.04,0.16,0.85,0,0,0.01,0,3.09,0,0.12,19.4,6.77,0.25,0,143,0.06,212.25
95,2/8/24 18:12,2.3426,35.48984,724.75,Lomonyang,OHD well,674.7,352.7,374,7.7,29.1,,,,,,,,,,,,,,,,,,,,,,,,,,,,,,,,,,,,0.27,,7.11,,0.15,14.6,11.8,0.19,,90.6,0.04,205.7
96,2/8/24 18:36,2.3272,35.50718,748.37,Nkuja Engol,DBH solar,672.4,704,731,7.2,28,30.01,0.37,125.9,17441.44,28513.65,5.57,195.6,8529.53,73948.25,4.85,3.7,5.32,23.32,634.44,0.24,0.71,2.65,21.13,0.73,3.92,7.03,629.55,0.02,7.77,0.05,4.25,55.79,0.04,0.14,0.52,1.48,0.09,5.38,,,,,,,,,,,,,,402.05
97,2/8/24 19:05,2.32586,35.46462,710.31,Kaagete Ekriem,DBH solar,674.7,1221,1355,7.7,35.9,6.98,0.1,62.08,65093.57,13826.66,4.79,120.51,2652.41,26868.77,1.44,5.87,2.23,3.21,104.86,0.12,0.32,3.84,12.99,0.38,1.67,2.86,487.23,0.02,9.59,0.03,1.55,264.69,0.05,0.12,0.26,0.43,0.01,11.49,,,2.53,,24.8,,2.24,9.43,76.7,0.01,,309,0.03,745.25
99,3/8/24 15:01,2.27634,35.56563,828.2,Kaakipom,DBH solar,666,859,889,7.3,29.6,9.51,0.15,59.45,11280,16222.85,3.19,135.84,4134.86,37918.97,1.38,15.01,2.36,50.95,135.83,0.27,0.29,1.83,28.74,0.47,1.7,2.77,389.54,0.01,1.53,0.04,1.33,193.05,0.04,0.07,0.34,0.96,0.03,1.83,,,,,,,,,,,,,,488.95
100,3/8/24 15:27,2.271,35.53449,785.01,Napusinyei,SBH pump,669.5,694,763,7.4,31.1,26.74,0.39,95.73,26484.38,22729.51,4.57,195.94,7605.99,59645.19,4.7,35.11,5.08,8.84,370.76,0.22,0.48,3.39,47.73,0.86,3.48,5.05,468.22,0.03,2.77,0.06,4.03,135.41,0.04,0.11,0.5,1.16,0.07,2.69,,,,,,,,,,,,,,419.65
105,3/8/24 17:18,2.25816,35.43448,693.25,Kambi Baraka,DBH solar,675.4,3014,3348,7.7,31.8,8.57,0.12,60.35,100951.31,20889.88,6.55,140.68,4338.07,29832.28,2.7,17.5,2.37,1.62,119.62,0.08,0.34,4.82,6.51,0.53,2.22,2.21,693.84,0.01,3.94,0.05,1.23,,0.04,0.11,0.36,0.57,0.02,4.41,,,3.16,,433,,2.56,20.5,360,0.1,,586,0.03,1841.4
106,3/8/24 17:49,2.23014,35.44057,701.52,Nyangaita,DBH solar,674.3,1737,1969,7.5,32.9,22.88,0.34,97.72,142039.57,32214.11,5.14,192,8519.04,53070.43,4.14,24.05,4.72,10.81,229.35,0.19,0.36,5.03,6.59,0.5,4.53,7.18,949.23,0.1,7.72,0.04,4.85,222.26,0.04,0.27,0.44,0.92,0.04,14.37,,,,,,,,,,,,,,1082.95
107,3/8/24 18:28,2.23693,35.48393,738.61,Kaekamto,DBH solar,670.8,1608,1825,7.8,33.1,29.21,0.37,136.94,263594.2,19800.67,4.67,217.37,9549.9,26262.76,4.88,32.42,4.89,2.06,193.92,0.2,0.32,8.76,53.78,0.86,4.08,6.96,438.95,0.07,80.43,0.16,5,9.93,0.06,0.23,0.88,1.33,0.09,24.92,,,,,,,,,,,,,,1003.75
109,5/8/24 15:39,3.05432,35.92184,445.34,Kangite Buso BH,SBH pump,697.4,626,731,8.2,35.7,2.71,0.1,22.91,53326.3,227.66,7.57,206.55,952.87,1311.83,1.91,108.95,2.81,0.93,78.46,0.05,0.08,4.17,13.19,2.46,1.48,1.7,10.49,0.01,0.97,0.02,1.16,22.18,0.02,0.03,0.46,0.3,0.01,1.05,,,0.01,,6.62,,1.57,2.92,9.02,0.61,,5.51,0.03,402.05
111,5/8/24 16:35,3.10103,36.04518,409,Nang'ole Kuruk BH,DBH solar,700.6,317.5,346.2,7.3,31.8,2.28,0.09,22.55,11065.31,2484.78,3.74,126.55,2198.58,11419.75,2.6,8.37,2.64,0.76,84.04,0.07,0.12,2.1,2.1,0.29,1.59,1.67,137.01,0.01,1.19,0.01,1.07,65.5,0.04,0.04,0.14,0.26,0.01,0.54,,,,,,,,,,,,,,190.41
114,5/8/24 17:34,3.08368,35.99512,431.86,Endoroit Borehole,SBH pump,698,529,622,7.6,35.8,11.26,0.27,38.35,71026.56,6132.73,8.3,208.03,5227.21,9301.64,4.19,3.37,4.73,69.2,170.88,0.16,0.26,3.68,10.68,0.88,3.2,4.58,198.71,0.04,3.58,0.02,4.31,36.59,0.02,0.08,0.41,0.79,0.04,1.06,,,,,,,,,,,,,,342.1
115,5/8/24 18:14,3.10837,35.99012,424.64,Loreamatet Borehole,SBH pump,698.6,318.1,319.4,7.7,27.2,70.31,2.28,1208.65,22684.71,7998.27,12.93,301.93,6695.45,34992.37,4.43,9.07,7.29,222.98,261.73,1.57,2.66,6.3,13.29,5.62,9.16,15.28,335.39,1.13,4.06,1.71,9.66,84,0.85,6.38,6.49,10.2,1.63,1.65,,,0.01,,15.9,,0.53,0.34,15.5,0.1,,106,0.03,175.67
116,5/8/24 18:58,3.04992,35.97256,433.49,Cornerstone BH,SBH pump,696.6,1428,1698,8.6,36.8,10.43,0.15,282.79,139603.24,304.32,364.6,180.01,1232.86,1441.63,1.79,270.84,4.71,8.32,209.96,0.19,0.42,9.12,377.42,2.59,2.46,3.79,21.02,0.25,8.73,0.04,2.16,68.48,0.03,0.15,12.95,2.44,0.14,2.09,,,4.39,,74.5,,3.81,0.8,86.3,0.14,,5.83,0.03,933.9
117,5/8/24 19:17,3.04451,35.95282,447.41,Kenha BH1,DBH solar,695.4,586,687,8.2,35.8,14.53,0.35,107.94,104607.13,269.23,25.88,229.47,1899.42,3186.16,2.38,90.32,13.6,1.57,168.03,0.15,0.13,3.9,3.49,2.16,3.37,4.97,19.13,0.01,1.86,0.04,4.21,20.44,0.03,0.11,0.48,1.4,0.07,1.71,,,,,,,,,,,,,,377.85
118,5/8/24 19:45,3.07906,35.95483,459.2,Nang'orichoto BH,DBH solar,694.4,415,454,8,34,15.42,0.39,140.53,76088.62,1746.92,21.99,204.36,2377.86,6660.82,2.83,95.99,8.17,1.77,167.44,0.13,0.13,3.17,6.21,2.09,2.81,5.01,142.12,0.01,1.95,0.06,4.24,39.35,0.03,0.14,0.54,1.47,0.09,1.24,,,,,,,,,,,,,,249.7
119,5/8/24 20:48,3.14215,35.86658,455.79,TBI Main Campus BH,DBH solar,693.9,373.5,394,7.5,29.8,23.8,0.55,298.48,32598.97,8474.8,7.3,227.24,4849.56,30123.83,3,3.54,5.15,61.34,230.7,0.2,0.31,2.71,22.2,1.29,3.75,6.55,321.93,0.03,4.79,0.09,5.63,125.46,0.06,0.3,0.96,2.54,0.15,0.23,,,,,,,,,,,,,,216.7
120,6/8/24 16:25,2.51805,36.24139,471.15,Lomunyen Akwan BH,DBH solar,694.3,458,510,7.9,32.5,2.79,0.11,19.01,23272.96,3136.6,3.09,133.49,1801.44,12742.98,1.55,4.67,2.33,1.03,88.88,0.06,0.13,2.85,7.32,0.39,1.42,2.32,98.78,0.01,1.11,-0.01,1.19,24.63,0.04,0.08,0.19,0.28,0.01,0.72,,,0.01,,11.8,,0.9,0.84,10.2,1.17,,99.6,0.03,280.5
123,6/8/24 17:30,2.5819,36.2391,464.68,Loupwala BH ,DBH solar,694.6,406.9,423.9,7.6,29.1,10.95,0.34,36.68,31124.92,11913.09,5.39,185.46,3461.92,45441.64,1.82,0.04,4.84,0.65,153.52,0.12,0.09,1.59,1.17,0.54,3.37,4,0.15,0,0.03,0.04,3.65,0.03,0.02,0.09,0.23,0.87,0.06,0.85,,,,,,,,,,,,,,233.15
126,6/8/24 18:07,2.67574,36.24698,460.54,Elupe BH,SBH pump,695.1,376,431.4,8.1,34,32.2,0.68,513.92,45563.92,7936.43,11.63,213.37,4407.33,25244.75,3.73,26.58,5.28,4.86,204.82,0.17,0.21,3.64,8.31,2.21,3.97,7.83,280.46,0.02,3.73,0.16,5.83,30.7,0.07,0.41,1.45,3.92,0.23,1.05,,,0.01,,5.36,,0.82,1.2,5.27,1.32,,84.4,0.03,237.27
129,6/8/24 18:52,2.73099,36.24178,453.24,LokwarAngikaleso,SBH pump,695,458,518,8.1,34.6,12.74,0.28,66.87,81343.64,1211.19,19.02,208.71,2401.75,7499.58,3.25,31.02,5.18,27.39,182.43,0.63,0.83,3.77,24.78,1.36,3.26,5.61,63.91,0.04,4.03,0.03,4.67,13.72,0.02,0.11,0.69,1.04,0.06,1.05,,,,,,,,,,,,,,284.9
130,6/8/24 19:18,2.77635,36.20694,421.1,Lotukimo BH,DBH solar,696.8,988,1182,9.1,38,3.65,0.09,47.11,88052.53,56.96,23.95,176.05,895.3,1119.38,1.88,109.85,2.36,1.18,74.82,0.17,0.16,2.89,2.52,5.4,1.42,2.02,6.14,0.01,2.29,0.02,1.32,42.15,0.02,0.05,0.2,0.37,0.02,0.7,,,0.01,,29.6,,2.44,0.01,5.6,0.01,,5.25,0.03,650.1
131,6/8/24 19:54,2.85187,36.17572,405.11,Lotede Spring,Spring,36.9,1245,1456,8.9,36.6,3.45,0.23,93.59,117765.28,480.04,1305.22,206.05,1336.66,2563.47,2.13,2.27,3.12,70.71,563.05,0.66,1.13,5.23,4.78,4.66,1.37,3.13,18.09,1.39,5.95,0.03,1.12,70.63,0.05,0.07,0.52,0.23,0.33,0.45,,,0.01,,34.5,,3.84,0.07,12.8,1.32,,6.15,0.03,800.8
132,6/8/24 20:59,2.9499,36.08635,376.18,Ngimuriai BH 1,SBH pump,699.8,11329,13114,8.5,36.1,13.17,0.14,1102.19,907050.13,1508.69,17.21,144.59,2224.31,2810.19,1.7,30.46,2.45,22.34,806.46,0.09,0.22,14.76,158.76,4.41,8.89,5.11,191.44,0.02,223.48,0.28,2.72,39.07,0.05,0.14,1.1,1.49,0.04,15.59,,,0.01,,2020,,1.53,4.74,1880,1.53,,38,0.62,7212.7
133,6/8/24 21:20,2.9833,36.08051,381.74,Ngimuriai BH 2,SBH pump,699.3,17871,21142,8,37.6,13.33,0.09,1312.8,947050.13,16896.81,4.25,153.69,7193.47,7021.68,2.42,31.49,9.63,1.6,87.88,0.12,0.46,32.79,35.98,3.52,18.32,6.85,837.77,0.01,233.61,0.37,3.31,34.66,0.09,0.18,0.74,0.88,0.01,17.43,,,0.01,,4080,,1.67,6.37,2570,1.56,,187,0.03,11628.1
134,6/8/24 21:44,2.99986,36.06177,387.48,KaataPakin Well,OHD well,699,1081,1153,8.1,30.5,4.17,0.24,71.36,63888.45,3035.36,635.22,312.11,3177.17,26566.35,2.24,10.53,3.19,32.85,283.14,0.46,0.82,4.59,4.96,0.6,2.11,2.54,363.64,1.65,7.95,0.03,1.2,181.36,0.05,0.1,0.4,0.52,0.1,1.08,,,0.01,,106,,1.03,5.44,169,0.61,,167,0.03,634.15
135,6/8/24 22:08,3.00124,36.0622,391.27,KaataPakin  BH,SBH pump,693.8,13394,16113,7.7,38.4,19.25,0.12,1335.6,987050.13,23448.38,22.49,154.23,10103.01,19170.02,1.89,11.72,2.74,7.77,162.98,0.11,0.4,19.71,136.39,2.12,9.11,10.84,729.07,0.11,62.95,0.09,4.32,28.54,0.05,0.21,1.63,2.68,0.06,3.56,,,0.1,,2810,,1.25,0.01,2180,0.4,,540,0.03,8862.15
136,7/8/24 13:44,3.02636,35.89286,444.42,Kaikol Bore hole,DBH solar,696.6,3026,3264,9,31.8,3.79,0.11,260.45,282497.39,178.43,11.01,158.07,1045.02,1312.72,2.34,241.42,17.53,1.33,84.29,0.06,0.13,7.52,4.26,5.51,6.15,2.1,27.25,0.01,25.08,0.05,1.23,44.45,0.07,0.1,0.25,0.32,0.01,12.7,,,0.01,,278,,9.52,35.1,296,0.14,,5.44,0.16,1795.2
136,7/8/24 13:44,3.02636,35.89266,444.42,Kaikol Bore hole 2,DBH solar,696,89.7,94.8,8.9,30.6,,,,,,,,,,,,,,,,,,,,,,,,,,,,,,,,,,,,,,,,,,,,,,,52.14
137,8/8/24 14:27,3.10824,35.59389,496.89,Nablon BH 6,DBH solar,692.5,370,388,7.7,30.4,17.12,0.44,158.13,9796.36,5975.93,7.27,234.56,3899.13,34665.55,2.79,0.13,5.03,343.76,306.81,0.19,0.42,2.1,6.47,1.7,3.31,5.38,355.23,0.04,2.17,0.09,4.93,116.97,0.04,0.16,0.63,1.72,0.11,0.09,,,,,,,,,,,,,,213.4
139,8/8/24 15:51,3.10669,35.64328,485.45,Napuu Main Aquifer BH,DBH solar,692,779,881,8,31.8,5.24,,,140889.68,16584.62,2.96,,4905.51,42732.66,,62.95,-,19.54,303.39,1.47,31.77,6.94,14.75,1.88,,1.05,539.28,,,0.02,,94.35,,,0.02,,,3.17,,,0.01,,43,,1.94,2.3,41,0.89,,106,0.03,484.55
140,8/8/24 17:11,3.11991,35.65106,490.49,Natoot Farm BH,DBH solar,28,691,365,8.3,28.1,4.71,0.14,48.25,13357.18,4254.61,3.07,136.58,2033.23,11621.67,2.77,6.71,2.3,23.86,95.42,0.07,0.13,1.86,2.95,0.57,1.45,1.68,166.67,0.01,1.9,0.03,1.23,198.92,0.03,0.06,0.26,0.86,0.02,0.66,,,,,,,,,,,,,,200.75
141,8/8/24 17:58,3.11317,35.59806,507.44,Moi Garden BH 1,DBH solar,690,296,304,8.4,29.3,,,,,,,,,,,,,,,,,,,,,,,,,,,,,,,,,,,,,,,,,,,,,,,167.2
145,10/8/24 15:27,3.54741,35.92277,379.24,Longech BH treated,SBH pump,703.4,1346,1380,7.8,29,,,,,,,,,,,,,,,,,,,,,,,,,,,,,,,,,,,,,,,,,,,,,,,759
146,10/8/24 15:53,3.54815,35.92478,372.92,Longech Main BH raw,SBH pump,703,1302,1483,8.3,34.9,3.04,0.09,72.2,107235.21,1473.79,15.47,227.39,7342.54,6155.79,1.92,14.71,2.82,1.09,80.83,0.07,0.13,3.24,2.82,2.53,1.83,3.39,84.53,0.01,5.35,0.03,1.23,65.51,0.03,0.08,0.19,0.35,0.01,0.9,,,0.31,,66.3,,1.39,0.49,8.15,0.92,,44.9,0.03,815.65
147,10/8/24 16:20,3.54975,35.92434,377.34,Longech Hand well,OHD well,703.1,335,357.9,8,31.5,12.29,0.31,169.3,251024.35,3507.44,51.35,430.23,15863.81,13117.81,3.78,36.57,6.29,3.07,177.65,0.17,0.29,6.78,4.58,5.72,3.64,8.58,170.78,0.04,11.85,0.06,4.56,32.24,0.03,0.3,0.5,1.12,0.07,2.13,,,0.13,,11.7,,0.07,11.2,5.78,0.31,,111,0.03,196.85
148,10/8/24 17:47,3.54372,35.8479,389.85,Napasinyang Laga Well,OHD well,701,514,599,8.2,34,10.39,0.32,86.03,70386.97,2879.27,42.17,223.96,4129.67,21085.27,3.41,29.5,5.16,7.25,194.77,0.23,0.41,3.77,1.97,0.87,3.31,4.84,292.31,0.05,5.18,0.03,4.04,37.09,0.02,0.15,0.29,0.72,0.04,0.69,,,0.09,,19.4,,0.26,2.35,46.1,0.28,,66.6,0.03,329.45
149,10/8/24 18:16,3.55178,35.83627,391.4,Nakaria Pri school BH,DBH solar,700.3,7477,8601,8.1,35.6,11.03,-0.1,486.36,653378.07,1088.86,3.27,149.32,4090.16,3212.51,2.67,37.85,2.57,4.63,176.29,0.08,0.15,12.6,83.15,6.12,4.16,4.84,77.59,0.01,70.83,0.1,2.44,27.48,0.03,0.11,0.43,0.81,0.03,16.35,,,0.16,,897,,1.87,35.6,1590,0.29,,35.8,0.1,4730.55
150,10/8/24 18:54,3.46968,35.83074,417.05,Nakwei Pri school BH,DBH solar,697.8,11567,13328,8.3,35.8,22.3,0.08,,304266.28,2973.79,4.45,172.78,7201.68,2600.38,1.71,372.6,21.72,1.73,1.15,0.16,0.61,71.62,1.13,17.02,17.31,2.09,496.32,0,45.23,0.15,1.46,46.53,0.08,0.09,0.34,0.46,0.01,45.44,,,,,,,,,,,,,,7330.4
152,10/8/24 20:03,3.2748,35.71049,511.61,Kalotum Hand Well,OHD well,689,383.6,406.2,8.3,31,2.49,0.11,33.45,18406.21,1560.93,245.23,159.5,2490.63,13872.02,1.47,11.02,2.6,19.09,164.02,0.37,1.09,2.88,3.27,0.34,1.53,2.03,257.31,0.5,1.94,0.02,1,209.55,0.04,0.06,0.2,0.24,0.02,0.45,,,0.23,,9.38,,0.28,3.05,10.1,0.2,,72.6,0.06,223.41
153,11/8/24 15:10,3.1844,36.01652,397.27,Lopeyo Borehole,SBH pump,700.9,977,1095,8.3,34.1,2.55,0.1,39.76,77098.23,963.97,7.87,125.48,867.99,4124.12,2.4,4.21,2.18,21,89.62,0.06,0.19,3.14,4.16,1.02,1.7,1.61,58.17,0.03,4.44,0.02,1.05,63.28,0.04,0.09,0.24,0.26,0.01,3.34,,,0.03,,67.9,,1.4,0.32,86.6,0.28,,30.9,0.03,602.25
154,11/8/24 15:47,3.23734,36.02479,378.75,Fish store Borehole,DBH solar,701.3,722,814,8.6,38.4,1.68,,,154777.82,257.83,18.82,,692.9,2026.5,,246.55,,4.07,7.04,0.08,0.86,4.55,2.15,5.33,,0.17,21.11,,,0.01,,13.69,,,0.08,,,2.43,,,,,,,,,,,,,,447.7
155,11/8/24 16:35,3.25226,36.02079,373.7,Eliye Springs,Spring,701.5,813,950,9,36.4,7.6,0.13,104.44,84374.31,165.05,17.38,235.21,1077.69,1344.68,2.47,99.19,4.72,1.14,83.7,0.09,0.12,2.85,3.33,3.61,2.27,2.3,7.1,0.01,4.12,0.04,1.64,26.88,0.02,0.07,0.32,1.42,0.04,1.83,,,0.01,,10.4,,2.29,0.89,17.6,0.8,,5.61,0.03,522.5
156,11/8/24 17:49,3.2222,35.9466,457.94,Lochitet BH,DBH solar,694.2,436.7,487,8.2,34,9.95,0.12,179.36,29770.29,4035.66,4.51,136.31,2092.68,8288.98,0.11,15.46,2.5,1.7,102.63,0.11,0.15,1.99,4.21,0.87,1.72,3.02,272.16,0.01,1.76,0.06,1.9,138.53,0.03,0.11,0.49,2.79,0.08,1.05,,,0.01,,6.43,,0.5,0.3,14.7,0.02,,73.1,0.03,267.85
157,11/8/24 18:27,3.26865,35.95498,436.63,Lotiriwae BH,SBH pump,695.1,533,608,8.4,35.5,21.48,0.46,248.54,80828.93,1060.26,14.17,218.49,2088.6,4328.84,3.55,88.56,7.02,1.71,192.5,0.2,0.16,4.36,46.65,1.81,4.47,6.31,56.49,0.04,1.16,0.13,5.55,20.27,0.05,0.22,1.29,2.32,0.15,1.54,,,,,,,,,,,,,,334.4
158,11/8/24 18:53,3.33489,35.93516,428.19,Ebolo BH,SBH pump,695,374,447,8.6,37.8,3.15,0.18,30.06,14518.6,531.3,827.6,177.54,1004.49,4247.51,2.33,30.96,3.65,32.92,568.26,0.48,1.09,4.26,310.19,0.63,1.64,2.83,25.85,1.09,0.37,0.04,1.16,222.9,0.03,0.03,7.77,0.38,0.22,0.28,,,,,,,,,,,,,,245.85
159,11/8/24 19:18,3.33596,35.87892,434.74,Lochor Aikey,OHD well,695,330,357,8.1,31.9,2.52,0.16,43.08,14981.71,1743.93,572,205.39,1963.19,11467.94,3.17,16.02,3.27,22.16,277.46,0.45,1.07,4.6,2.57,0.42,2.13,2.19,183.32,0.84,1.84,0.03,1.01,45.18,0.08,0.06,0.24,0.38,0.06,0.17,,,0.01,,16.3,,0.43,10.7,16.4,0.52,,77.9,0.05,196.35
160,11/8/24 19:59,3.38102,35.80769,483.93,Mathura well,OHD well,690,1200,1301,8.1,32.6,5.18,0.17,100.86,87464.23,2956.59,131.98,175.12,3026.15,17363.77,2.25,13.94,3.06,8.35,143.96,0.25,0.71,3.53,2.61,0.7,2.84,2.53,290.77,0.24,1.88,0.04,1.48,68.82,0.03,0.13,0.35,1.05,0.03,0.3,,,0.33,,152,,0.14,31.3,82.4,0.17,,126,0.03,715.55
163,12/8/24 18:09,2.68762,34.78673,1037.26,Nakabat Well,OHD well,648.3,818,799,7.2,26.8,15.71,0.5,153.61,33692.43,23096.09,743.91,264.76,7844.96,90988.62,3.64,5.41,6.18,1136.36,606.32,3.14,5.96,7.14,4.87,2.11,3.59,6.13,610.22,1.24,1.57,0.06,4.37,364.68,0.06,0.18,0.76,1.6,0.11,1.48,,,,,,,,,,,,,,439.45
164,12/8/24 19:01,2.71278,34.84491,942.38,Nakiling'a,SBH pump,659,1734,1905,7.3,32.9,21.54,0.33,54.37,18681.67,43860.48,83.19,202.71,6894.57,60764.58,4.19,16.32,5.2,17.96,287.52,0.34,0.72,3.27,15.08,0.61,3.09,5.73,586.81,0.36,4.56,0.05,3.76,636.22,0.03,0.1,0.46,0.8,0.05,1.38,19.1,40.9,0.16,7.68,164,549,0.67,34,124,0.01,41.5,414,,1047.75
165,12/8/24 19:36,2.75148,34.87353,884.16,Lochorang'ikalalio,DBH solar,654.3,805,850,7.5,31.1,,,,,,,,,,,,,,,,,,,,,,,,,,,,,,,,,,,,,,,,,,,,,,,467.5
166,12/8/24 19:54,2.75357,34.8778,875.15,Kaao Hand well,OHD well,659,624,613,7.6,27.4,19.33,0.46,216.46,48538,9897.61,253.86,256.18,8476.16,53102.66,2.98,5.67,5.62,57.53,341.91,0.83,2.72,4.93,4.62,1.28,2.87,6.76,561.39,0.52,2.86,0.09,5.48,223.94,0.07,0.32,0.9,2.08,0.12,0.63,,,,,,,,,,,,,,337.15
167,12/8/24 20:11,2.75477,34.87742,879.31,Lokiriama BH,SBH pump,658.8,2715,3014,7.2,33.6,10.87,0.09,32.16,92405.23,39570.7,3.59,121.57,9442.17,53963.92,1.59,4.43,2.84,4.87,221.63,1.16,2.14,5.29,100.82,0.62,3.39,3.07,4087.19,0.04,3.95,0.04,1.12,183.33,0.11,0.13,0.98,-0.4,0.02,1.72,26.2,56.1,0.01,12.3,363,579,1.66,54.4,231,0.01,77.2,759,,1657.7
169,12/8/24 21:01,2.75815,34.9088,845.69,Ata Lokamurio,DBH solar,661,589,640,7.4,32.4,27.5,0.55,379.42,22596.87,27604.93,20.43,214.88,11296.16,46255.66,5.35,13.25,5.5,61.92,235.19,0.44,0.52,3.36,6.8,14.66,4.19,10.64,713.48,0.07,6.76,0.12,6.24,308.91,0.06,0.32,2.4,2.97,0.17,1.53,,,,,,,,,,,,,,352
170,13/08/2024 16:01,2.84814,35.03175,737.72,Kaidir Lagga Hand well,OHD well,673.4,394.1,452.8,8,35.7,18.1,0.36,203.47,23766.56,5633.08,134.01,220,5337.4,43064.3,3.44,6.87,5.29,9.92,263.75,0.34,0.63,3.27,2.73,1,3.75,6.41,578.49,0.15,1.25,0.09,5.19,104.94,0.03,0.18,0.61,1.86,0.11,0.39,,,,,,,,,,,,,,249.04
171,13/08/2024 17:03,2.83783,35.03111,748.33,Namoruputh catholic BH,DBH solar,671.5,1484,1653,7.9,34,2.37,,,302119.04,36963.88,6.25,,5749.54,33590.67,,51.98,,2.63,44.23,0.22,1.16,10.47,16.17,0.62,,2.42,552.97,,,0.03,,42.78,,,0.12,,,17.08,,,,,,,,,,,,,,909.15
172,13/08/2024 17:14,2.83827,35.0348,754.19,Narionomor BH,DBH solar,672,2150,2334,7.8,32.3,3.97,-0.1,53.11,190604.44,11488.45,3.06,128.62,1785.33,9584.22,3.04,24.73,2.36,0.55,84.76,0.11,0.16,4.97,15.55,0.55,2.49,2.81,244.75,0.06,3.93,0.01,1.43,30.91,0.04,0.09,0.25,0.4,0.01,4.1,12.5,26.7,0.04,18.7,126,799,0.45,82.8,99.2,0.01,33.1,140,,1283.7
173,13/08/2024 17:39,2.84604,35.04137,740.01,Namoruputh Primary school BH,DBH solar,672.3,2355,2548,8,32.4,3.93,0.07,43.73,180379.77,7461.38,2.86,136.78,2671.49,8395.6,2.18,16.51,2.48,0.52,85.7,0.25,0.38,4.78,29.55,0.57,2.32,2.28,181.43,0.06,7.43,0.04,1.21,129.18,0.05,0.08,0.27,0.3,0.01,6.49,,,,,,,,,,,,,,1401.4
174,13/08/2024 18:26,2.86324,35.09579,703.09,Nakorimunyen BH,DBH solar,674.6,1031,1130,7.7,32.4,7.72,,,195235.12,41828.88,0.75,,7459.83,47243.12,,86.91,,2.12,58.84,0.21,2.91,6.41,1.66,1.55,,19.63,822.18,,,0.01,,283.46,,,0.02,,,5.62,,,,,,,,,,,,,,621.5
175,13/08/2024 18:59,2.86682,35.15185,688.32,Nakinyang'a,DBH solar,675.7,2808,3132,7.6,34.1,7.25,0.1,113.67,204949.59,19131.31,2.14,126.15,1968.16,16054.59,2.51,34.18,2.57,0.48,94.1,0.08,0.24,5.13,2.09,0.9,2.65,2.5,982.43,0.01,5.81,0.04,1.3,252.19,0.05,0.1,0.28,0.45,0.02,3.23,37.5,80.2,0.23,22.9,330,694,3.75,101,108,0.13,36.1,280,,1722.6
176,13/08/2024 19:38,2.87546,35.23687,634.85,Nakatom BH,DBH solar,679.3,1224,1363,7.9,33.8,5.1,0.09,51.18,95798.85,7488.71,2.02,141.72,4007.81,10059.28,3.23,22.13,2.48,11.12,86.69,0.12,0.16,2.81,3.12,0.59,2.27,2.24,193.89,0.01,8.44,0.03,1.1,65.84,0.04,0.05,0.14,0.3,0.01,7.14,,,,,,,,,,,,,,749.65
177,13/08/2024 20:13,2.89492,35.26451,623.29,Lorugum BH,SBH pump,680.1,1102,1180,7.4,31.2,36.05,0.71,730.11,127044.42,16945.59,14.53,261.78,11450.42,76885.77,3.57,12.86,6.46,14.48,277.32,0.31,0.74,11.48,21.65,2.03,5.68,10.02,992.85,0.06,5.64,0.26,6.53,185.5,0.1,0.84,2.02,5.22,0.25,2.18,,,,,,,,,,,,,,649
178,14/08/2024 14:27,2.91054,35.41305,556.5,Turkwell community BH,DBH solar,687.3,361,400.3,7.9,33.6,,,,,,,,,,,,,,,,,,,,,,,,,,,,,,,,,,,,,,,,,,,,,,,220.17
179,14/08/2024 15:02,2.92244,35.40286,563.88,Pirshikin BH,SBH pump,687.4,1221,1368,7.4,34.1,2.26,,,127601.3,45968.99,6.94,,9040.83,141213.79,,22.73,,133.92,137.38,0.22,1.42,7.61,42.73,0.32,,1.67,2206.63,,,0.03,,344.49,,,1.17,,,4.71,,,,,,,,,,,,,,752.4
180,14/08/2024 15:33,2.93846,35.39906,563.5,Turkwell Boys Sec BH,DBH solar,687.1,3436,3627,7.5,30.7,17.05,0.09,49.46,231894.61,24511,1.81,133.99,4725.16,36360.88,2.85,20.23,2.59,0.92,123.75,0.48,1.3,6.49,9,0.91,4.27,2.89,800.9,0.02,3.68,0.03,0.89,211.27,0.07,0.1,0.27,0.23,0.01,16.67,21.8,46.6,0.41,15.9,440,727,0.72,70.4,162,0.02,54.2,430,,1994.85
181,14/08/2024 16:02,2.95477,35.42258,554.88,Natirae,DBH solar,686.9,427.5,474.7,8,33.5,14.02,0.33,120.44,48904.45,11752.92,4.24,196.13,4417.84,18615.22,3.74,2.81,5.05,1.16,182.85,0.21,0.36,3.2,24.83,0.81,2.87,4.96,370.95,0.04,8.93,0.08,4.15,40.15,0.03,0.11,0.45,1.29,0.08,1.25,,,,,,,,,,,,,,261.09
183,14/08/2024 16:49,3.00764,35.43575,549.9,Kaitese BH,SBH pump,687.5,1043,1192,7.8,35.3,15.63,,,168053.39,16720.28,48.14,,4347.66,34249.5,,42.11,,79.01,78.95,0.17,1.2,8.25,147.45,0.97,,2.7,641.05,,,0.01,,190.2,,,1.57,,,6.28,,,,,,,,,,,,,,655.6
184,14/08/2024 17:07,3.02095,35.44561,542.64,Kooliyoro BH,DBH solar,687.6,729,825,7.9,34.4,,,,,,,,,,,,,,,,,,,,,,,,,,,,,,,,,,,,,,,,,,,,,,,453.75
185,14/08/2024 17:27,3.04542,35.47302,536.41,Kaalochudo Church BH,DBH solar,687.8,1756,2017,7.5,35.7,10.93,0.11,44.33,77713.79,13341.15,2.38,122.73,3240.49,26742.28,1.46,0.25,2.25,6.44,109.63,0.07,0.21,3.09,4.52,0.32,1.86,2.43,653.69,0.03,0.23,0.01,1.2,234.85,0.05,0.07,0.23,0.49,0.02,4.78,31.5,67.4,0.01,0.12,73.1,866,0.22,0.53,70.1,0.01,23.4,332,,1109.35
186,14/08/2024 18:04,3.07568,35.50939,535.33,Nadapal School BH,DBH solar,688,452.9,490.4,7.8,32.2,2.55,0.09,21.13,12924.64,5849.1,2.28,132.74,2336.12,16448.6,1.78,1.68,2.18,38.52,98.07,0.12,0.25,3.17,2.5,0.62,1.86,1.51,210.06,0.01,2.89,0.02,0.94,430.1,0.08,0.05,0.17,0.33,0.01,0.13,,,,,,,,,,,,,,269.72
187,15/08/2024 15:21,2.38317,35.65836,763.08,Kapese Personal BH,DBH solar,671.9,1087,1235,7.4,35,7.1,,,94630.82,44258.12,12.85,,3534.07,75851.86,,85.53,,1.25,59.86,0.11,0.74,2.9,41.16,0.16,,0.94,1219.66,,,0.01,,111.49,,,0.13,,,8.23,,,,,,,,,,,,,,679.25
188,15/08/2024 15:38,2.38499,35.65908,765.22,Kapese Hand Dug well,OHD well,671.5,326.9,346.8,7.8,31.1,18.97,0.57,1778.01,16490.91,3786.46,809.8,367.08,7133.79,39098.06,3.81,30.35,8.28,1.73,388.4,0.66,0.99,4.46,7.21,1.38,5.19,4.48,298.67,0.49,5.36,0.36,1.95,121.8,0.17,0.51,1.5,1.4,0.55,0.57,,,,,,,,,,,,,,190.74
189,15/08/2024 16:53,2.39909,35.64986,771.4,Napatio BH,DBH solar,670.1,1138,1287,7.6,34.8,30.95,0.7,1952.8,156957.02,33488.45,911.55,216.73,9605.85,46701.82,6.81,57.92,7.13,43.57,419.99,0.92,1.31,8.42,67.88,1.05,5.19,6.08,759.56,0.69,30.43,0.49,2.09,139.88,0.22,0.92,2.15,1.56,0.71,11.11,,,,,,,,,,,,,,707.85
190,15/08/2024 17:15,2.42137,35.65254,772.67,Kaedome BH,DBH solar,669.3,727,824,7.6,33.9,,,,,,,,,,,,,,,,,,,,,,,,,,,,,,,,,,,,,,,,,,,,,,,453.2
192,15/08/2024 18:04,2.54802,35.64061,756.62,Karoge BH,DBH solar,670.5,1742,1961,7.8,34.3,40.87,0.92,2115.24,380473.08,20031.72,987.82,209.19,13506.78,17058.45,7.88,126.96,7.5,3.58,387.5,1,1.21,12.03,99.78,1.98,5.89,8.44,573.6,0.96,46.65,0.7,2.27,168.64,0.44,1.12,2.44,1.93,1.02,33.8,,,,,,,,,,,,,,1078.55
193,15/08/2024 18:38,2.5973,35.64977,752.57,Elupe Chinese BH,DBH solar,670,3084,3513,7.5,35.4,,,,,,,,,,,,,,,,,,,,,,,,,,,,,,,,,,,,,,,,,,,,,,,1932.15
194,15/08/2024 18:54,2.61077,35.65147,748.41,Loochwa Chinese BH,DBH solar,670.8,3171,3565,7.4,34.3,67.75,1.34,1941.18,567626.39,100656.68,682.29,213.56,23856.3,85785.86,10,160.91,8.7,15.91,458.36,1.42,2.03,14.38,37.5,2.68,18.06,9.13,1701.72,1.18,47.53,1.09,2.52,117.39,0.72,2.16,2.79,2.35,1.26,149.95,,,,,,,,,,,,,,1960.75
195,15/08/2024 19:28,2.6388,35.64996,746.42,Kaipokot Chinese BH,DBH solar,670.6,2374,2756,7.4,36.4,,,,,,,,,,,,,,,,,,,,,,,,,,,,,,,,,,,,,,,,,,,,,,,1515.8
196,15/08/2024 19:44,2.70773,35.63642,740.99,Nagetei Church BH,DBH solar,671.3,1680,1889,7.7,34.6,48.39,1.5,2479.23,336461.41,44231.63,1107.54,196.43,17659.06,26932.49,7.49,75.67,8.3,2.8,447.16,1.52,1.88,10.69,102.96,2.2,7.69,10.41,953.62,1.36,49.96,1.23,2.93,11.82,1.01,4.06,3.52,2.71,1.47,37.12,17.9,38.3,0.01,5.11,83.7,768,2.62,22.6,39.8,0.17,13.3,207,,1038.95
197,15/08/2024 20:06,2.74301,35.64614,716.1,Kadokochin chinese BH,DBH solar,673.8,1294,1464,7.9,34.8,,,,,,,,,,,,,,,,,,,,,,,,,,,,,,,,,,,,,,,,,,,,,,,805.2
198,15/08/2024 20:49,2.77292,35.63138,700.37,Lochor Emoit Kenha BH,DBH solar,675,1780,2017,7.6,35.1,38.49,0.42,1734.14,324791,34993.85,817.83,198.36,15180.78,25468.91,7.31,96.1,6.85,1.62,358.48,0.44,0.74,9.61,26.4,0.9,5.19,7.17,611.88,0.42,60.55,0.31,1.94,33.84,0.09,0.75,1.36,1.16,0.43,47.84,,,,,,,,,,,,,,1109.35
199,15/08/2024 21:29,2.93106,35.61387,578.46,Loturerei BH,DBH solar,684,1894,2123,7.1,34.6,106.61,0.26,1574.03,323704.74,35939.02,638.87,190.58,21879.44,21186.78,7.21,92.47,6.66,1.52,331.42,0.37,0.77,9.96,18.33,1.47,6.64,10.93,351.92,0.49,6.91,0.17,1.87,17.27,0.07,1.06,1.17,1.03,0.32,7.78,,,,,,,,,,,,,,1167.65
200,17/08/2024 16:03,3.55873,35.14829,659.47,Nadwat Main BH,DBH solar,679.7,2385,3179,7.6,45.5,207.19,0.87,3382.54,487509.45,5494.44,2464.34,174.24,12480.94,13096.87,7.44,9.19,8.2,6.78,671.91,0.35,0.76,12.3,10.72,3.4,4.55,37.69,687.22,0.59,7.06,0.17,5.09,237.89,0.04,1.05,1.38,0.91,0.44,0.32,,,0.19,,185,,12.8,0.01,95.9,0.01,,41.5,0.03,1748.45
201,17/08/2024 16:40,3.4978,35.24052,742.74,Makutano BH,DBH solar,672.5,1263,1420,6.9,34.5,34.07,0.25,1615.36,108944.34,39476.29,667.95,177.98,9723.62,89458.52,6.53,25.09,6.18,1.41,432.45,-0.3,1.03,5.59,7.19,0.62,4.2,6,1387.42,0.31,2.87,0.09,1.81,249.2,0.03,0.82,1.05,0.9,0.21,29.28,,,,,,,,,,,,,,781
202,17/08/2024 17:41,3.53208,35.24392,724.8,Lolupe BH,SBH pump,673.9,1545,1689,7.3,32.6,16.97,0.31,114.12,168009.08,37138.07,6.48,193.37,6838.41,54304.08,3.01,36.07,5.02,55.12,525.66,0.57,1.07,50.47,107.15,0.55,2.81,5.54,697.99,0.03,4.9,0.03,4.53,46.99,0.03,0.12,1.06,0.78,0.04,18.3,,,,,,,,,,,,,,928.95
203,17/08/2024 18:27,3.46349,35.1994,689.9,Kianyang'alo BH,SBH pump,675.5,1618,1820,7.3,34.3,27.16,0.18,1687.13,252569,45759.07,788.38,184.9,9839.12,36888.62,4.47,78.87,6.23,1.55,367.23,0.23,0.93,12.91,8.73,0.65,4.72,5.52,1375.68,0.25,4.63,0.04,1.69,45.33,0.03,0.78,1.04,0.81,0.18,33.82,,,,,,,,,,,,,,1001
204,17/08/2024 19:38,3.52366,35.19547,687.52,Lokudule Hand Well,OHD well,674.5,678,683,7.8,28.4,18.6,0.16,1751.41,70092.68,8627.84,839.43,192.29,5474.5,51523.22,3.49,14.07,6.37,1229.56,436.22,1.34,3.91,4.6,20.15,1.04,3.61,4.69,707.44,0.24,8.63,0.06,1.46,604.84,0.02,0.39,0.85,0.75,0.16,1.97,,,,,,,,,,,,,,375.65
205,18/08/2024 14:40,3.4167,35.32305,711.33,Katururi BH,DBH solar,677.2,1614,1743,7.6,31.6,36.23,0.17,1550.44,157682.18,46987.71,625.71,180.18,7665.19,101356.2,7.67,36.36,5.9,3.76,418.09,0.25,1,7.39,477.38,0.78,4.89,3.71,2110.52,0.18,4.94,0.04,1.4,462.01,0.02,0.89,1.51,0.7,0.12,16.39,,,,,,,,,,,,,,958.65
206,18/08/2024 15:38,3.35761,35.44556,558.44,Nasiger Hand well,OHD well,688.4,817,857,8.2,29.8,17.77,0.14,1850.68,136333.85,2575.77,1070.68,220.56,5212.02,19570.11,3.6,58.72,6.56,11.96,395.17,0.47,2.01,6.75,9.16,1.44,3.15,4.52,929.69,0.24,42.22,0.05,1.31,216.85,0.01,0.63,0.8,0.7,0.14,6.47,,,,,,,,,,,,,,471.35
207,18/08/2024 15:57,3.33457,35.47218,570.4,Nasiger BH main,DBH solar,687.8,2302,2571,7.9,33.9,24.93,0.15,1518.41,261304.14,84895.9,586.22,187.87,4563.28,47443.36,6.59,32.52,6.5,2.47,349.95,0.26,0.87,8.19,74.73,0.82,7.4,8.21,1505.69,0.14,3.62,0.04,1.22,18.76,0.02,0.91,1.16,0.64,0.1,1.34,31.6,67.6,0.01,88.5,244,346,0.67,392,90.5,0.01,30.2,463,,1414.05
208,18/08/2024 16:32,3.28023,35.49248,588.46,Nakwei Hand BH,SBH pump,685.9,891,1017,7.3,34.7,19.6,0.14,1129.52,56655.54,41665.06,567.34,169.17,4280.84,59123.59,6.26,37.28,5.71,1.25,352.22,0.19,0.64,16.5,29,0.45,3.32,5.77,1166.7,0.15,1.85,0.05,1.19,14.85,0.02,0.37,0.5,0.65,0.09,0.96,,,,,,,,,,,,,,559.35
209,18/08/2024 17:04,3.20366,35.49361,549.65,Lokoyo BH,DBH solar,689,1322,1527,7.9,35.9,17,0.13,1129.37,202261.8,27618.73,479.02,163.96,4374.54,24731.46,7.65,149.17,26.49,1.19,284.88,0.15,0.42,6.53,36.89,1.38,5.36,5.73,627.92,0.1,12.8,0.03,1.1,22.23,0.01,0.64,0.58,0.61,0.08,1.42,,,,,,,,,,,,,,839.85
210,20/08/2024 13:28,3.69796,34.93032,688.08,Komotogae BH Solar,DBH solar,678.9,1290,1377,7.5,31.4,27.02,,,145214.37,38634.4,15.45,,5645.3,117685.14,,2.56,,41.92,245.84,0.82,17.73,6.3,115.62,0.59,,10.5,1375.92,,,0.01,,25.03,,,0.63,,,2.15,22.2,47.5,0.15,15.1,50.5,567,3.61,66.8,25.5,0.01,8.51,320,,757.35
211,20/08/2024 14:21,3.66726,35.00327,723.75,Napeto BH,DBH solar,676.9,815,796,7.6,26.9,,,,,,,,,,,,,,,,,,,,,,,,,,,,,,,,,,,,,,,,,,,,,,,437.8
212,20/08/2024 14:53,3.63029,35.024,724.32,Kadakung'imoe BH,DBH solar,676.5,1818,1773,7.4,26.9,5.23,0.13,95.54,97659.63,25301.29,5.5,132.78,1607.66,39355.94,1.62,6.36,2.35,1.39,133.85,0.12,0.34,4.93,15.16,0.51,1.37,2.1,742.77,0.04,0.76,0.03,1.23,4.07,0.03,0.12,0.47,0.79,0.03,0.88,,,,,,,,,,,,,,975.15
213,20/08/2024 15:50,3.56224,35.26821,677.17,Ata Erika BH,SBH pump,680.4,1180,1308,7.2,33.5,15.76,0.12,1544.53,70674.88,72226.27,743.62,168.35,3202.79,60631.32,4.62,37.05,6.12,4.98,424.19,0.26,1.16,12.42,261.22,0.56,5.3,3.83,1522.28,0.14,2.99,0.03,1.1,32.31,0.03,0.55,0.81,0.66,0.1,8.18,16,34.2,0.01,7.7,33.8,557,0.48,34.1,51.8,0.01,17.3,464,,719.4
214,20/08/2024 16:57,3.3383,35.23485,593.25,Lomil BH,DBH solar,685.5,894,933,7.2,30.2,22.55,0.15,1408.37,105316.32,12313.59,764.19,167.03,4331.49,57834.95,4.66,11.76,5.86,1.45,389.63,0.19,0.71,6.91,17.44,0.61,3.2,2.81,688.75,0.16,4.98,0.04,0.99,297.84,0.02,0.38,0.66,0.64,0.1,8.54,,,,,,,,,,,,,,513.15
215,20/08/2024 17:53,3.35013,35.25425,610.34,Lomil Girls High Sch BH,SBH pump,684.6,2980,3320,7.9,33.8,47.52,0.17,2429.23,498425.2,22362.65,1544.39,164.45,7669.86,47884.42,4.9,6.7,6.89,46.24,561.87,0.23,0.73,11.7,112.4,1.43,7.92,4.71,1800.67,0.27,27.85,0.03,1.01,94.19,0.02,0.87,7.88,0.53,0.17,14.69,9.1,19.5,0.01,0.03,441,507,4.95,0.13,220,0.01,73.3,205,,1826
216,20/09/2024 15:46,4.15338,34.31418,684.27,Iria BH ,DBH solar,677.4,789,843,7.3,31.8,12.68,0.26,45.54,71877.37,21599.3,4.64,184.15,3721.9,45064.14,4,9.13,5.25,1.41,219.24,0.16,0.45,5.87,78.92,0.51,3.75,6.4,877.18,0.02,2.37,0.03,4.44,77.62,0.02,0.1,0.71,0.86,0.04,0.86,,,,,,,,,,,,,,463.65
217,20/09/2024 16:16,4.17938,34.31065,672.62,Lochor Angamor BH,SBH pump,678.8,674,714,7.4,31,15.18,0.13,1561.49,55239.63,22503.68,743.92,176.28,3436.74,44733.52,4.9,14.14,6.02,2.69,425.16,0.22,0.66,4.52,38.46,0.49,3.73,2.97,600.95,0.18,4.15,0.05,1.02,164.93,0.02,0.49,0.67,0.58,0.15,0.78,20.2,43.2,0.01,5,4.14,328,1.75,22.1,8.75,0.01,2.92,201,,392.7
218,20/09/2024 17:18,4.20819,34.35298,651.21,Lokichogio Main BH,DBH solar,679.7,1034,1107,8,31.7,32.48,0.63,433.61,138811.34,36696.65,4.57,212.17,3639.43,43747.93,4.78,16.92,5.24,0.85,230.8,0.23,0.31,5.7,33.88,1.52,3.86,8.42,1234.44,0.03,1.81,0.1,6.26,48.13,0.05,0.45,1.33,3.43,0.2,1.43,23.2,49.6,0.01,0.94,21.4,569,1.92,4.16,26.5,1.84,8.85,243,,608.85
219,20/09/2024 17:47,4.2093,34.35858,645.87,Lochor Ekaal BH,DBH solar,679.2,935,1023,7.4,32.5,17.94,0.09,1335.98,119471.33,25834.74,738.29,171.45,5061.17,32169.97,4.69,16.45,5.96,1.34,340.26,0.17,0.85,3.91,16.06,0.55,4.55,4.71,986.13,0.16,2.2,0.02,0.78,54.06,0.01,0.23,0.48,0.53,0.1,1.46,,,,,,,,,,,,,,562.65
220,20/09/2024 18:21,4.19264,34.37449,648.46,Akoros BH,DBH solar,678.9,737,784,7.6,31,15.61,0.33,85.84,58092.01,21451.47,4.34,193.94,4495.82,53519.16,4.08,3.67,4.85,1.62,230.04,0.27,0.34,3.4,186.32,0.74,3.42,6.72,1062.71,0.04,1.36,0.04,4.6,18.02,0.03,0.1,1.44,1.2,0.06,0.94,,,,,,,,,,,,,,431.2
222,20/09/2024 19:50,4.39601,34.2947,616.04,Nadapal Main BH,DBH solar,680.2,1442,1575,8,32.9,4.89,0.08,33.23,129879.87,10130.32,4.33,130.05,2733.9,12307.63,2.04,5.69,2.37,0.68,91.3,0.07,0.18,4.27,6.4,0.36,1.2,3,280.15,0.01,0.39,0.03,1.15,35.71,0.03,0.04,0.21,0.34,0.01,1.84,26.2,56.1,0.01,2.84,21.9,842,1.19,12.6,38,0.01,12.7,141,,866.25
224,20/09/2024 20:35,4.38942,34.29798,614.71,,DBH solar,679.2,1370,1494,7.6,32.9,9.4,0.16,118.99,85633.72,10244.96,5.61,141.78,3623.1,11771.38,1.84,39.09,3.58,0.63,96.74,0.08,0.18,3.52,3.65,0.86,2.38,14.74,478.93,0.01,1.28,0.06,1.79,36.25,0.04,0.2,0.48,2.52,0.05,0.42,,,,,,,,,,,,,,821.7
226,21/09/2024 14:31,4.09303,34.29693,718.77,Locher Amoni BH,DBH solar,675.7,1718,1780,7.6,30,14.62,0.1,1520.11,52550,7193.68,789.68,210.33,5360.35,30387.83,3.3,12.06,5.89,14.68,360.23,0.45,2.24,5.2,42.84,0.46,3.85,2.98,263.77,0.21,5.63,0.02,0.79,71.62,0.02,0.35,0.61,0.61,0.1,0.59,26.4,56.5,0.01,0.04,51.4,923,1.44,0.15,104,0.01,34.7,338,,979
227,21/09/2024 15:21,4.09094,34.30392,717.65,Locher Hand Dug well,OHD well,675,478.7,492.6,7.8,29.4,2.61,0.34,27.27,23096.62,4593.24,2296.77,266.23,2791.32,18575.94,1.42,11,6.15,136.75,1191,3.08,5.57,7.47,6.93,0.31,1.97,3.54,184.93,2.17,0.53,0.03,1.18,337.55,0.06,0.09,0.77,0.42,0.11,0.3,11,23.5,0.26,0.17,2.19,310,0.33,0.75,12.6,0.01,4.22,249,,270.93
228,21/09/2024 16:17,4.13303,34.31513,694.79,Iria Hand Dug well,OHD well,676.5,669,682,7.3,28.6,14.19,0.15,1461.35,9624.86,14032.36,747.3,193.79,7266.04,94895.12,3.49,7.75,6,25.77,437.79,0.39,1.12,3.58,50.95,0.39,4.43,3.02,595.74,0.23,1.46,0.03,0.81,,0.01,0.23,0.58,0.56,0.1,0.89,,,,,,,,,,,,,,375.1
230,21/09/2024 17:59,3.95255,34.3418,825.59,Loteteleit Bh,DBH solar,664.8,1261,1337,7.2,31.3,20.38,0.12,1468.78,78814.33,55062.05,618.15,168.53,4726.9,84946.34,6.06,21.41,5.68,1.42,396.2,0.25,0.92,5.56,20.07,0.52,4.14,4.03,1043.46,0.14,1.51,0.01,0.87,88,0.02,0.71,0.85,0.56,0.08,1.67,34.5,73.8,0.01,4.7,78.2,559,0.55,20.8,36.5,1.78,12.2,458,,735.35
231,22/09/2024 15:38,4.19704,34.49212,592.33,Nacamacha BH,DBH solar,683.7,1185,1329,7.6,34.5,10.71,0.09,38.06,71418.53,15528.43,2.15,128.52,2643.9,21433.72,2,9.33,2.35,2.46,105.87,0.07,0.18,2.86,7.72,0.37,1.45,2.8,352.25,0.02,2.01,0.02,1.21,35.75,0.03,0.06,0.17,0.36,0.01,2.42,,,,,,,,,,,,,,730.95
232,22/09/2024 16:12,4.21274,34.55158,565.64,Nakodopus BH,DBH solar,685.2,1294,1364,8,30.5,7.4,0.14,50.55,86783.18,11810.22,2.83,134.42,2828.34,13608.16,3.05,15.35,2.74,0.92,97.96,0.14,0.26,3.17,13.7,0.5,1.5,2.86,286.36,0.01,1.8,0.02,1.33,10.25,0.03,0.03,0.26,0.62,0.02,1.78,26.9,57.5,0.01,4.44,14.4,743,0.66,19.7,46.1,0.28,15.4,198,,750.2
233,22/09/2024 17:03,4.20717,34.56712,564.48,Nanaam Publica BH,DBH solar,685,2146,2524,8.2,37,47.63,0.32,156.14,425321.24,2234.88,10.03,212.84,3659.4,6569.47,5.53,57.71,31.08,1.37,167.24,0.16,0.2,15.39,6.89,7.14,4.75,7.86,237.71,0.03,3.13,0.07,5.61,21.63,0.03,0.32,0.81,0.8,0.03,4.51,27.8,59.5,0.01,6.08,178,786,2.25,26.9,117,0.01,39.1,24.4,,1388.2
234,22/09/2024 17:35,4.21337,34.5629,565.05,Nanaam Hand Dug well,OHD well,684.7,780,848,7.8,32.3,15.05,0.11,1807.98,109970.38,6607.71,841.51,184.75,5555.25,31076.35,3.56,13.65,6,991.5,371.65,1.62,4.35,4.75,3.84,0.62,3.03,3.36,493.8,0.26,12,0.03,0.88,802.96,0.01,0.32,2.25,0.56,0.11,1.07,14.3,30.6,0.01,0.08,15.7,392,1.93,0.35,6.95,0.01,2.32,98.4,,466.4
236,23/09/2024 15:03,4.01781,34.54827,609.74,Lokudule Main BH,DBH solar,682.6,1417,1589,7.5,34.2,177.2,6.25,55.96,230069.81,7023.75,521,190.47,31703.97,40141.77,2.9,0.73,5.07,14.13,382.21,0.3,0.63,6.2,43.45,4.59,3.15,118.88,718.53,0.41,2.43,0.04,9.1,116.37,0.02,0.2,0.46,0.94,0.13,0.06,,,,,,,,,,,,,,873.95
237,23/09/2024 15:29,3.88665,34.56485,679.93,Natiira BH,DBH solar,677.1,918,989,7.8,31.9,6.67,0.12,46.52,53572.13,14101.42,13.42,133.43,2121.82,16158.28,2.11,12.81,2.51,1.42,107.58,0.07,0.24,2.33,40.41,0.47,2,6.26,317.31,0.01,1.72,0.01,1.32,,0.02,0.05,0.38,0.69,0.02,1.27,,,,,,,,,,,,,,543.95
238,23/09/2024 16:51,3.81721,34.37585,856.93,Oropoi Bh,DBH solar,661,789,852,7.7,32.1,22.6,0.38,75.9,41323.41,38044.04,4.56,204.18,8951.29,48059.43,3.54,16.5,5.09,2.83,229.81,0.17,0.35,3.16,77.12,0.6,3.42,13.3,1034.15,0.08,2.56,0.03,4.16,116.15,0.04,0.11,0.44,1.08,0.06,1.23,17.2,36.8,0.01,1.91,5.3,430,0.66,8.46,12.5,0.01,4.16,303,,468.6
239,23/09/2024 17:33,3.85145,34.55655,675.85,Kalobakori,SBH pump,675.3,1537,1720,7.2,34.2,24.55,0.12,1501.6,131680.2,53739.87,641.34,161.37,5715.42,76011.9,5.74,19.48,5.87,4.22,423.47,0.28,1.09,13.87,1382.81,0.68,3.9,14.13,1717.29,0.13,0.96,0.12,0.75,226.84,0.03,0.78,0.88,0.52,0.09,1.21,30.1,64.4,0.01,19.8,114,609,0.32,87.7,8.78,1.32,2.93,440,,946
240,23/09/2024 18:25,3.7552,34.6674,656.9,Kalobeyei BH,DBH solar,675,1137,1340,7.4,37.4,16.54,0.14,1334.83,159884.59,19243.7,633.47,166.8,6581.51,22927.82,4.58,87.9,7.85,1.32,313.72,0.19,0.47,5.29,19.04,0.87,4.25,28.58,797.62,0.12,2.23,0.01,0.76,7.88,0.01,0.71,0.66,0.53,0.08,0.89,,,,,,,,,,,,,,737
241,24/09/2024 15:32,3.8756,35.46069,652.56,Napalakipor,SBH pump,679.6,1732,1931,7.6,33.9,14.35,0.14,1320.93,278193.75,39620.67,635.17,167.08,3187.2,22345.33,5.11,49.97,5.86,1.45,303.81,0.17,0.44,8.74,10.36,0.5,4.2,3.84,604.09,0.14,3.91,0.02,0.67,85.93,0.01,0.67,0.64,0.5,0.08,4.73,13.5,28.9,0.01,6.38,46.8,530,0.52,28.2,27.2,0.01,9.08,138,,1062.05
242,24/09/2024 16:11,3.97428,35.47921,684.69,Kaeris BH,DBH solar,676.9,1480,1690,7.8,35.4,4.91,0.08,79.21,137854.56,5742.04,5.39,135.92,2018.64,8642.27,1.62,13.72,2.72,0.51,81.08,0.06,0.13,3.66,27.9,0.39,2.3,3.67,138.24,0.01,10.21,0.03,1.16,15.17,0.02,0.05,0.25,0.27,0.01,11.01,,,,,,,,,,,,,,929.5
243,24/09/2024 16:57,4.1401,35.47044,688.14,Mlima Tatu BH,SBH pump,676,1170,1282,7.4,33,20.7,0.14,1781.07,158570.95,18770.82,918.25,158.89,6669.37,48148.58,4.55,5.01,5.94,8.57,439.35,0.3,1.09,18.23,95.78,0.58,3.55,4.21,702.33,0.22,7.48,0.05,0.71,43.88,0.01,0.59,0.73,0.52,0.1,2.97,15.8,33.8,0.01,1.99,50,441,2.31,8.81,51.8,0.95,17.3,179,,705.1
244,24/09/2024 17:36,4.26792,35.49667,689.25,Lokapelpus,DBH solar,675.2,1552,1609,7.6,33.5,,,,,,,,,,,,,,,,,,,,,,,,,,,,,,,,,,,,,,,,,,,,,,,884.95
245,24/09/2024 18:28,4.34465,35.59576,606.1,KajukJuk Kenha BH,DBH solar,680.8,1545,1803,8.1,36.3,8.24,0.13,98.68,123106.57,8260.67,3.75,128.55,2056.11,8331.24,2.01,6.79,2.4,0.49,88.78,0.06,0.24,4.18,2.51,1.03,3.06,3.55,326.23,0.01,8.37,0.04,1.64,26.91,0.03,0.15,0.34,1.26,0.03,1.14,14.3,30.6,0.01,10.9,98,409,1.34,48.3,26.5,0.01,8.84,87.9,,991.65
247,25/09/2024 13:27,4.26693,35.75515,721.74,Ngabwelin Spring,Spring,675,2372,2472,7.2,30.2,15.11,0.12,1308.82,161738.55,71907.79,481.12,162.25,2821.9,152181.1,6.86,53.25,5.45,9.33,465.05,0.3,1.22,6.21,15.48,0.94,8.27,2.25,887.75,0.15,1.51,0.04,0.68,91.98,0.04,0.87,0.94,0.49,0.06,1.17,40.1,85.8,0.01,29,370,461,0.54,128,113,1.72,37.8,634,,1359.6
248,25/09/2024 13:57,4.26199,35.74087,776.39,Shabaha Likituang BH,SBH pump,670.8,2356,2610,6.7,33.3,18.44,0.11,1376.19,157667.45,82061.86,530.66,157.78,1996.72,167796.05,7.05,25.51,5.55,2.12,497,0.26,1.32,13.97,40.56,1.04,6.93,2.8,1460.15,0.14,1.72,0.02,0.59,8.01,0.03,0.8,0.85,0.46,0.06,2.17,,,,,,,,,,,,,,1435.5
249,25/09/2024 14:38,4.31218,35.72149,675.66,Mana Longoria Bh,SBH pump,678.8,2767,3049,7.2,33.6,16.82,0.12,1362.14,249310.74,82916.26,485.51,156.08,1936.81,133204.8,7.18,53.83,5.45,2.34,449.77,0.29,1.15,17.12,35.49,1.3,12.94,2.15,844.58,0.14,2.19,0.04,0.64,9.02,0.09,0.8,1.07,0.46,0.1,1.64,30.2,64.6,0.01,15.2,367,385,0.95,67.3,118,0.64,39.4,493,,1676.95
250,25/09/2024 15:20,4.23544,35.68304,607.36,Kaao Main BH,DBH solar,684,1835,2149,7.4,36.9,15.56,0.09,1235.64,218740.21,36085.25,559.63,159.23,3380.96,44670.7,5.01,56.51,7.08,1.45,335.5,0.17,0.59,6.5,31.6,1.99,6.58,3.67,1011.75,0.13,2.04,0.02,0.63,14.6,0.02,0.81,0.74,0.43,0.07,0.9,,,,,,,,,,,,,,1181.95
251,25/09/2024 15:44,4.26424,35.67072,585.22,Lochor Edome,DBH solar,685,1351,1556,7.9,35.7,,,,,,,,,,,,,,,,,,,,,,,,,,,,,,,,,,,,,,,,,,,,,,,855.8
252,25/09/2024 16:09,4.32978,35.65484,575.23,Kangurchara Bh,DBH solar,686.1,981,1111,8,34.9,4.72,0.12,59.9,84703.22,10055.71,11.44,132.96,1388.45,5563.08,2.81,70.88,7.04,0.82,81.9,0.08,0.17,3.72,10.57,0.55,2,2.54,257.72,0.01,1.58,0.02,1.44,11.79,0.04,0.07,0.31,0.55,0.02,0.52,,,,,,,,,,,,,,611.05
253,25/09/2024 17:14,4.11134,35.71457,558.01,Rioko Mor BH,DBH solar,686.1,1646,1769,7.9,32,,,,,,,,,,,,,,,,,,,,,,,,,,,,,,,,,,,,,,,,,,,,,,,972.95
254,25/09/2024 17:40,4.15084,35.73331,579.21,Kang'arukia BH,SBH pump,683.7,2659,2914,7.4,33.1,14.8,0.16,1091.38,270537.28,79778.39,545.14,166,2303.36,85217.15,5.26,91.62,5.63,17.84,367.22,0.22,0.83,10.19,27.6,1.36,9.32,2.63,1481.39,0.12,2.01,0.02,0.59,15.05,0.04,0.78,0.89,0.44,0.08,0.87,25.5,54.6,0.01,15.4,478,393,0.38,68.2,56.3,0.95,18.8,484,,1602.7
255,25/09/2024 18:20,4.20648,35.76254,714.08,Kawalathe Open well,OHD well,672.6,1367,1514,7.3,33.6,15.45,0.1,1305.88,80714.45,45074.54,532.05,155.3,1871.26,98678.37,7.17,61.33,5.55,7.95,391.85,0.28,0.84,3.98,14.42,0.69,5.77,2.16,629.87,0.14,1.53,0.02,0.63,309.84,0.03,0.72,0.63,0.51,0.08,0.82,39.5,84.5,0.01,13.2,110,431,0.61,58.4,38.3,0.67,12.8,373,,832.7
256,25/09/2024 18:34,4.21137,35.76388,720.58,Natoo BH,SBH pump,671,1072,1180,7.2,33.3,57.5,0.77,919.95,662505.15,18290.31,42.69,368.87,10880.97,19496.51,7.35,16.12,5.85,204.19,240.06,0.41,0.83,16.63,16.17,4.23,8.39,25.49,340.08,0.1,22.95,0.31,10,59.23,0.11,1.17,2.93,8.16,0.34,5.11,,,,,,,,,,,,,,649
257,26/09/2024 15:27,4.6751,35.7216,424.54,Kakuro Main BH,DBH solar,698.1,828,988,7.5,37.6,14.4,0.14,1371.46,108188.16,11376.18,630.92,163.49,2795.21,37200.3,4.27,29.17,5.88,1.42,322.21,0.17,0.54,4.47,44.57,0.41,3.15,2.34,462.55,0.14,5.02,0.01,0.6,6,0.01,0.47,0.62,0.47,0.07,0.94,13.8,29.5,0.01,0.47,10.4,322,0.39,2.08,23.3,1.84,7.77,113,,543.4
258,26/09/2024 16:11,4.66091,35.70976,423.8,Kakuro Hand dug well,OHD well,697.5,636,694,7.8,32.6,13.12,0.17,1632.15,53276.93,8178.73,737.32,178.16,5245.65,48033.32,3.81,23.79,6.48,1.78,365.04,0.28,0.85,4.24,37.36,0.47,5.01,2.6,554.59,0.21,2.57,0.05,0.58,317.19,0.06,0.5,0.63,0.52,0.12,0.75,14.1,30.2,0.01,3.26,19.1,273,0.25,14.4,33.9,0.01,11.3,155,,381.7
259,26/09/2024 17:33,4.51796,35.74393,527.89,Saseme Bh,DBH solar,687.9,1650,1822,7.9,33.4,14.01,0.28,68,85747.19,23234.66,13.19,194.17,2230.23,71650.95,5.61,38.76,5.03,2.81,261.94,0.29,0.92,4.65,127.76,0.66,4.86,4.96,469.78,0.02,0.34,0.05,3.81,10.74,0.02,0.34,0.83,0.88,0.04,0.42,,,,,,,,,,,,,,1002.1
260,26/09/2024 18:07,4.44362,35.72554,539.33,Karebur Hand Well,OHD well,686.1,1595,1793,7.2,34.2,12.41,0.13,1323.77,136791.83,47847.69,559.36,384.32,6057.69,85306.13,6.45,43.61,5.97,4.29,370.56,0.41,1.91,8.57,137.12,0.72,6.58,3.37,604.76,0.17,1.41,0.05,0.52,105.99,0.04,0.79,0.84,0.46,0.05,0.6,29.7,63.5,0.23,23.5,128,391,0.4,104,38.6,1.56,12.9,332,,986.15
261,26/09/2024 18:32,4.43621,35.71906,546.48,Karebur Main BH,DBH solar,685.1,810,932,7.7,35.7,13.55,0.32,79.39,51231.87,40159.79,9.75,198.57,3775.25,94123.17,9.15,63.65,5.19,2.08,292.18,2.22,2.9,4.48,29.84,1.32,2.81,4.7,735.05,0.03,6.68,0.05,3.63,33.25,0.02,0.14,0.58,0.84,0.05,1.18,,,,,,,,,,,,,,512.6
262,26/09/2024 19:04,4.37481,35.68825,559.81,Nabuwan BH,DBH solar,684.5,1586,1904,7.5,38.5,4.07,0.07,39.5,58045.19,19779.23,3.01,121.64,1630.62,37049.48,1.62,11.41,2.23,0.5,129.84,0.09,0.29,3.21,5.37,0.35,3.45,2.31,563.73,0.01,0.45,0.02,0.83,41.4,0.06,0.09,0.25,-0.24,0,0.6,,,,,,,,,,,,,,1047.2
263,26/09/2024 19:42,4.43608,35.65872,508.09,Kaatangon,DBH solar,687,992,1158,8.2,36.3,,,,,,,,,,,,,,,,,,,,,,,,,,,,,,,,,,,,,,,,,,,,,,,636.9
264,28/09/2024 13:25,5.32062,35.86222,424.31,Nakua BH,SBH pump,697,584,581,7.3,27.6,13.76,0.87,1447.1,19341.57,13300.59,706.53,225.93,6597.95,59503.24,4.23,5.03,6.5,467.66,366.9,1.54,2.56,3.32,91.88,1.34,3.09,4.05,410.59,0.99,6.17,0.86,1.29,36.85,0.82,1.11,1.39,1.32,0.91,1.7,,,,,,,,,,,,,,319.55
266,28/09/2024 14:26,5.28697,35.8263,434.94,Kibish Main BH,DBH solar,696,3362,3932,7.7,36.9,11.45,,,304266.28,35303.39,7.32,,12118.94,32268.27,,25.94,,373.03,78.28,0.32,2.8,19.07,8.55,2.39,,12.78,659.22,,,0.04,,109.72,,,0.15,,,7.5,,,,,,,,,,,,,,2162.6
267,28/09/2024 14:46,5.29098,35.82458,444.13,Kibish Catholic BH,DBH solar,695.7,3247,3841,7.7,37.4,7.17,0.08,30.02,266178.94,9544.01,4.15,168.57,6682.17,14469.67,2.84,4.63,2.39,45.74,146.98,0.15,0.25,5.76,9.13,0.65,2.24,5.39,262.67,0.01,11.52,0.03,1.28,89.85,0.02,0.08,0.25,0.29,0.01,1.64,,,,,,,,,,,,,,2112.55
268,28/09/2024 17:07,5.01588,35.59594,475.59,Lokamarinyang Bh,DBH solar,690.8,1488,1653,8.2,34,59.04,0.29,115.02,158487.49,255.06,32.61,134.35,1976.37,1903.31,2.1,0.23,2.52,7.32,99.06,0.07,0.22,5.8,9.28,2.59,2,5.58,17.13,0.02,8.4,0.03,1.83,4.52,0.02,0.12,0.77,1.88,0.08,0.14,,,,,,,,,,,,,,909.15
269,28/09/2024 17:35,5.03251,35.61027,440.61,Lokamarinyang spring,Spring,699.4,1666,2320,7.9,49.1,131.56,1.31,3282.44,305281.57,603.03,2522.58,182.76,10608.25,5882.72,7.6,10.02,7.68,27.37,620.72,0.23,0.6,8.79,45.58,11.08,3.15,44.33,162.31,0.48,16.39,0.04,2.65,35.21,0.01,0.49,0.89,0.4,0.24,0.18,26.5,56.7,0.01,0.02,51.9,774,26.7,0.07,55.4,0.43,18.5,15.6,,1276
270,28/09/2024 18:36,4.90416,35.65469,443.84,Liwan Borehole,SBH pump,691,1614,1901,8.3,37.1,62.71,0.11,1733.49,296181.72,4174.11,1038.49,150.89,9704.42,6700.26,3.36,3.98,5.95,6.83,372.04,0.17,0.52,8.29,27.48,0.46,4.72,16.46,114.49,0.2,11.85,0.02,0.8,10.31,0.02,0.52,11.47,0.41,0.12,2.16,8.23,17.6,0.01,2.37,55.7,821,2.02,10.5,41.9,1.38,14,36,,1045.55
271,28/09/2024 19:51,4.74593,35.66388,452.29,Meyan Mission BH,DBH solar,690.3,520,611,7.4,37,2.07,,,11918.61,2883.67,4.18,,1855.95,22213.9,,0.38,,1.74,204.06,0.05,0.27,4.67,25.73,0.03,,275.77,0,,,0.06,,47.65,,,0.45,,,0.25,,,,,,,,,,,,,,336.05
272,29/09/2024 14:44,4.27043,35.8134,531.95,Mlango BH,SBH pump,689.3,980,1039,7.3,31.2,12.16,0.88,1071.49,67834.78,23898.79,531.02,171.11,2157.39,68037.72,5.73,45.13,6.44,3.92,342.07,1.02,1.54,11.07,98.95,1.36,4.78,2.48,395.53,0.88,2.72,0.8,1.19,83.11,0.83,1.5,1.49,1.24,0.88,1.51,,,,,,,,,,,,,,571.45
273,29/09/2024 15:02,4.2725,35.81855,512.24,Lowarengak Main Bh,DBH solar,690.7,992,1081,7.6,32.8,0.38,,,94967.97,51248.1,7.55,,1697.03,126203.79,,67.12,,0.14,112.39,0.13,0.97,4.43,5.37,0.1,,0.38,766.83,,,0,,97.35,,,0.13,,,0.58,28.3,60.5,0.01,2.27,90.1,361,0.46,10,28.7,0.58,9.59,286,,594.55
275,29/09/2024 18:09,3.79084,35.83655,373.02,Katiko Hand dug well,OHD well,698,667,751,8,33.8,13.47,1.02,1401.51,78516.52,3026.08,705.37,174.6,5185.33,28135.06,4.55,17.32,7.21,7.13,323.14,1.28,1.55,4.44,6.11,1.78,5.59,3.43,257.15,1.12,4.68,1.02,1.42,,1.01,1.45,1.64,1.47,1.05,1.48,15.8,33.8,0.01,6.75,42.1,205,0.46,29.9,55.7,0.01,18.6,104,,413.05
276,29/09/2024 18:18,3.78633,35.83677,379.37,Katiko Borehole,SBH pump,698,1939,2207,8.3,35.3,11.88,0.08,1827.01,376864.14,186.77,1014.73,513.02,5373.71,1323.61,4.08,546.76,7.61,1.43,337.54,0.14,0.46,9.72,13.44,42.04,5.19,2.36,18.86,0.2,9.77,0.04,0.4,,0.01,0.46,0.68,0.37,0.11,2.97,6.12,13.1,0.01,0.08,3.89,209,0.4,0.34,1.77,0.86,0.59,121,,1213.85